<table directory="assets">
	<cooked_physics path="units/payday2/weapons/wpn_fps_ass_aug_pts/wpn_fps_aug_ns_df"/>
	<cooked_physics path="units/payday2/weapons/wpn_fps_ass_g36_pts/wpn_fps_ass_g36_ns_df"/>
	<cooked_physics path="units/pd2_dlc_par/weapons/wpn_fps_lmg_par_pts/wpn_fps_lmg_par_ns_df"/>
	<cooked_physics path="units/payday2/weapons/wpn_fps_ass_74_pts/wpn_fps_ass_74_ns_standard"/>
	<model path="units/pd2_dlc_clover/weapons/wpn_fps_ass_l85a2_pts/wpn_fps_ass_l85a2_fg_long"/>
	<model path="units/pd2_dlc_clover/weapons/wpn_fps_ass_l85a2_pts/wpn_fps_ass_l85a2_b_short"/>
	<model path="units/pd2_dlc_clover/weapons/wpn_fps_ass_l85a2_pts/wpn_fps_ass_l85a2_b_long"/>
	<model path="units/pd2_dlc_clover/weapons/wpn_fps_ass_l85a2_pts/wpn_fps_ass_l85a2_b_medium"/>
	<model path="units/pd2_dlc_clover/weapons/wpn_fps_ass_l85a2_pts/wpn_fps_ass_l85a2_fg_medium"/>
	<model path="units/pd2_dlc_clover/weapons/wpn_fps_ass_l85a2_pts/wpn_fps_ass_l85a2_g_standard"/>
	<model path="units/pd2_dlc_clover/weapons/wpn_fps_ass_l85a2_pts/wpn_fps_ass_l85a2_body_default"/>
	<model path="units/pd2_dlc_clover/weapons/wpn_fps_ass_l85a2_pts/wpn_fps_ass_l85a2_o_standard"/>
	<model path="units/pd2_dlc_clover/weapons/wpn_fps_ass_l85a2_pts/wpn_fps_ass_l85a2_fg_short"/>
	<model path="units/pd2_dlc_clover/weapons/wpn_fps_ass_l85a2_pts/wpn_fps_ass_l85a2_ns_standard"/>
	<model path="units/pd2_dlc_clover/weapons/wpn_fps_ass_l85a2_pts/wpn_fps_ass_l85a2_m_emag"/>
	<model path="units/pd2_dlc_clover/weapons/wpn_fps_ass_l85a2/wpn_fps_ass_l85a2"/>
	<model path="units/payday2/weapons/wpn_fps_ass_74_pts/wpn_fps_ass_74_b_standard"/>
	<model path="units/pd2_dlc_big/weapons/wpn_fps_ass_fal_pts/wpn_fps_ass_fal_fg_wood"/>
	<model path="units/payday2/weapons/wpn_fps_smg_mp5_pts/wpn_fps_smg_mp5_fg_mp5sd"/>
	<model path="units/payday2/weapons/wpn_fps_upg_ak_reusable/wpn_upg_ak_fg_combo4"/>
	<model path="units/payday2/weapons/wpn_fps_smg_mp5_pts/wpn_fps_smg_mp5_fg_mp5a5"/>
	<model path="units/pd2_dlc_rvd/weapons/wpn_fps_ass_corgi/wpn_fps_ass_corgi"/>
	<model path="units/pd2_dlc_clover/weapons/wpn_fps_ass_l85a2_pts/the bad folder/wpn_fps_ass_l85a2_body_standard"/>
	<model path="units/payday2/weapons/wpn_fps_upg_m4_reusable/wpn_fps_addon_ris"/>
	<model path="units/pd2_dlc_big/weapons/wpn_fps_ass_fal_pts/wpn_fps_ass_fal_fg_01"/>
	<model path="units/pd2_dlc_big/weapons/wpn_fps_ass_fal_pts/wpn_fps_ass_fal_fg_standard"/>
	<model path="units/payday2/weapons/wpn_fps_upg_m4_reusable/wpn_fps_upg_m4_m_pmag"/>
	<model path="units/pd2_dlc_big/weapons/wpn_fps_ass_fal_pts/wpn_fps_ass_fal_fg_04"/>
	<model path="units/pd2_dlc_big/weapons/wpn_fps_ass_fal_pts/wpn_fps_ass_fal_fg_03"/>
	<model path="units/pd2_dlc_dec5/weapons/wpn_fps_ass_scar_pts/wpn_fps_ass_scar_body_standard"/>
	<model path="units/pd2_dlc_gage_jobs/weapons/wpn_fps_upg_barrel_extentions/wpn_fps_upg_shot_ns_king"/>
	<model path="units/payday2/weapons/wpn_fps_smg_mp5_pts/wpn_fps_smg_mp5_fg_m5k"/>
	<model path="units/pd2_dlc_par/weapons/wpn_fps_lmg_par_pts/wpn_fps_lmg_par_body_standard"/>
	<model path="units/pd2_dlc_par/weapons/wpn_fps_lmg_par_pts/wpn_fps_lmg_par_b_short"/>
	<model path="units/pd2_dlc_par/weapons/wpn_fps_lmg_par_pts/wpn_fps_lmg_par_body_standard - Copy"/>
	<model path="units/pd2_dlc_opera/weapons/wpn_fps_ass_tecci_pts/wpn_fps_ass_tecci_ns_special"/>
	<model path="units/pd2_dlc_grv/weapons/wpn_fps_snp_siltstone/wpn_fps_snp_siltstone"/>
	<model path="units/pd2_dlc_par/weapons/wpn_fps_lmg_par_pts/wpn_fps_lmg_par_b_standard"/>
	<model path="units/pd2_dlc_par/weapons/wpn_fps_lmg_par_pts/wpn_fps_lmg_par_s_plastic"/>
	<model path="units/pd2_dlc_par/weapons/wpn_fps_lmg_par_pts/wpn_fps_lmg_par_ns_df"/>
	<model path="units/pd2_dlc_par/weapons/wpn_fps_lmg_par_pts/wpn_fps_lmg_par_upper_reciever"/>
	<model path="units/pd2_dlc_par/weapons/wpn_fps_lmg_par_pts/wpn_fps_lmg_par_s_standard"/>
	<model path="units/pd2_dlc_dec5/weapons/wpn_fps_ass_scar_pts/wpn_fps_ass_scar_fg_railext"/>
	<model path="units/pd2_dlc_gage_lmg/weapons/wpn_fps_lmg_rpk_pts/wpn_fps_lmg_rpk_s_wood"/>
	<model path="units/pd2_dlc_gage_lmg/weapons/wpn_fps_lmg_rpk_pts/wpn_fps_lmg_rpk_fg_wood"/>
	<model path="units/pd2_dlc_gage_lmg/weapons/wpn_fps_lmg_m249_pts/wpn_fps_lmg_m249_fg_mk46"/>
	<model path="units/pd2_dlc_gage_lmg/weapons/wpn_fps_lmg_m249_pts/wpn_fps_lmg_m249_fg_standard"/>
	<model path="units/pd2_dlc_gage_lmg/weapons/wpn_fps_lmg_m249_pts/wpn_fps_lmg_m249_b_short"/>
	<model path="units/pd2_dlc_gage_lmg/weapons/wpn_fps_lmg_m249_pts/wpn_fps_lmg_m249_b_long"/>
	<model path="units/pd2_dlc_gage_lmg/weapons/wpn_fps_lmg_rpk_pts/wpn_fps_lmg_rpk_s_standard"/>
	<model path="units/pd2_dlc_gage_lmg/weapons/wpn_fps_lmg_m249_pts/wpn_fps_lmg_m249_m_standard"/>
	<model path="units/pd2_dlc_gage_lmg/weapons/wpn_fps_lmg_m249_pts/wpn_fps_lmg_m249_s_solid"/>
	<model path="units/pd2_dlc_gage_lmg/weapons/wpn_fps_lmg_m249_pts/wpn_fps_lmg_m249_s_modern"/>
	<model path="units/pd2_dlc_gage_lmg/weapons/wpn_fps_lmg_rpk_pts/wpn_fps_lmg_rpk_fg_standard"/>
	<model path="units/pd2_dlc_gage_lmg/weapons/wpn_fps_lmg_rpk_pts/wpn_fps_lmg_rpk_b_standard"/>
	<model path="units/payday2/weapons/wpn_fps_smg_mp5_pts/wpn_fps_smg_mp5_b_mp5sd"/>
	<model path="units/payday2/weapons/wpn_fps_smg_mp5_pts/wpn_fps_smg_mp5_fg_mp5a4"/>
	<model path="units/payday2/weapons/wpn_fps_smg_mp5_pts/wpn_fps_smg_mp5_b_mp5a4"/>
	<model path="units/payday2/weapons/wpn_fps_smg_mp5_pts/wpn_fps_smg_mp5_b_mp5a5"/>
	<model path="units/payday2/weapons/wpn_fps_ass_g36_pts/wpn_fps_ass_g36_ns_df"/>
	<model path="units/payday2/weapons/wpn_fps_ass_g36_pts/wpn_fps_ass_g36_b_short"/>
	<model path="units/payday2/weapons/wpn_fps_ass_g36_pts/wpn_fps_ass_g36_b_long"/>
	<model path="units/payday2/weapons/wpn_fps_ass_m14_pts/wpn_fps_ass_m14_b_standard"/>
	<model path="units/payday2/weapons/wpn_fps_ass_m4_pts/wpn_fps_m4_upper_reciever_round"/>
	<model path="units/payday2/weapons/wpn_fps_ass_m4_pts/wpn_fps_m4_upper_reciever_edge"/>
	<model path="units/payday2/weapons/wpn_fps_ass_m4_pts/wpn_fps_m4_uupg_b_long"/>
	<model path="units/payday2/weapons/wpn_fps_ass_m4_pts/wpn_fps_m4_uupg_b_medium"/>
	<model path="units/payday2/weapons/wpn_fps_ass_aug_pts/wpn_fps_aug_ris_special"/>
	<model path="units/payday2/weapons/wpn_fps_ass_aug_pts/wpn_fps_aug_fg_a3"/>
	<model path="units/payday2/weapons/wpn_fps_ass_amcar_pts/wpn_fps_amcar_uupg_body_upperreciever"/>
	<model path="units/payday2/weapons/wpn_fps_ass_74_pts/wpn_fps_ass_74_ns_standard"/>
	<model path="units/payday2/weapons/wpn_fps_ass_aug_pts/wpn_fps_aug_ns_df"/>
	<model path="units/payday2/weapons/wpn_fps_ass_aug_pts/wpn_fps_aug_body_aug"/>
	<model path="units/payday2/weapons/wpn_fps_ass_aug_pts/wpn_fps_aug_b_medium"/>
	<model path="units/payday2/weapons/wpn_fps_ass_aug_pts/wpn_fps_aug_b_long"/>
	<model path="units/payday2/weapons/wpn_fps_ass_aug_pts/wpn_fps_aug_b_short"/>
	<model path="units/payday2/weapons/wpn_fps_ass_m4_pts/wpn_fps_m4_uupg_b_sd"/>
	<model path="units/pd2_dlc_tng/weapons/wpn_fps_sho_saiga_b_short/wpn_fps_sho_saiga_b_short"/>
	<model path="units/payday2/weapons/wpn_fps_ass_m4_pts/wpn_fps_m4_uupg_draghandle"/>
	<model path="units/payday2/weapons/wpn_fps_shot_saiga_pts/wpn_fps_shot_saiga_b_standard"/>
	<model path="units/payday2/weapons/wpn_fps_shot_r870_pts/wpn_fps_shot_r870_s_solid_big"/>
	<model path="units/payday2/weapons/wpn_fps_ass_m4_pts/wpn_fps_para_b_short"/>
	<model path="units/payday2/weapons/wpn_fps_shot_shorty_pts/wpn_fps_shot_shorty_s_nostock_short"/>
	<model path="units/payday2/weapons/wpn_fps_smg_akmsu_pts/wpn_fps_smg_akmsu_fg_rail"/>
	<model path="units/payday2/weapons/wpn_fps_smg_akmsu_pts/wpn_fps_smg_akmsu_ns_df"/>
	<model path="units/payday2/weapons/wpn_fps_smg_akmsu_pts/wpn_fps_smg_akmsu_b_standard"/>
	<model path="units/payday2/weapons/wpn_fps_shot_shorty_pts/wpn_fps_shot_shorty_s_solid_short"/>
	<model path="units/payday2/weapons/wpn_fps_ass_m4_pts/wpn_fps_para_b_medium"/>
	<model path="units/payday2/weapons/wpn_fps_smg_mp5_pts/wpn_fps_smg_mp5_body_rail"/>
	<model path="units/payday2/weapons/wpn_fps_ass_m4_pts/wpn_fps_m4_uupg_fg_rail"/>
	<model path="units/payday2/weapons/wpn_fps_ass_m4_pts/wpn_fps_m4_uupg_fg_lr300"/>
	<model path="units/payday2/weapons/wpn_fps_smg_akmsu_pts/wpn_third_smg_akmsu_b_standard"/>
	<model path="units/payday2/weapons/wpn_fps_ass_m4_pts/wpn_fps_m4_uupg_fg_rail_ext"/>
	<model path="units/payday2/weapons/wpn_fps_ass_m4_pts/wpn_fps_m4_uupg_b_short"/>
	<model path="units/payday2/weapons/wpn_fps_smg_mp5_pts/wpn_fps_smg_mp5_b_m5k"/>
	<object path="units/pd2_dlc_par/weapons/wpn_fps_lmg_par_pts/wpn_fps_lmg_par_ns_df"/>
	<object path="units/payday2/weapons/wpn_fps_ass_74_pts/wpn_fps_ass_74_ns_standard"/>
	<object path="units/payday2/weapons/wpn_fps_ass_aug_pts/wpn_fps_aug_ns_df"/>
	<object path="units/payday2/weapons/wpn_fps_ass_g36_pts/wpn_fps_ass_g36_ns_df"/>
	<material_config path="units/pd2_dlc_par/weapons/wpn_fps_lmg_par_pts/wpn_fps_lmg_par_ns_df_cc_thq"/>
	<material_config path="units/pd2_dlc_par/weapons/wpn_fps_lmg_par_pts/wpn_fps_lmg_par_ns_df_cc"/>
	<material_config path="units/payday2/weapons/wpn_fps_ass_g36_pts/wpn_fps_ass_g36_ns_df_cc_thq"/>
	<material_config path="units/pd2_dlc_par/weapons/wpn_fps_lmg_par_pts/wpn_fps_lmg_par_ns_df_thq"/>
	<material_config path="units/pd2_dlc_clover/weapons/wpn_fps_ass_l85a2_pts/the bad folder/wpn_fps_ass_contraband_fg_standard"/>
	<material_config path="units/payday2/weapons/wpn_fps_ass_g36_pts/wpn_fps_ass_g36_ns_df_thq"/>
	<material_config path="units/payday2/weapons/wpn_fps_ass_74_pts/wpn_fps_ass_74_ns_standard"/>
	<material_config path="units/payday2/weapons/wpn_fps_ass_74_pts/wpn_fps_ass_74_ns_standard_cc"/>
	<material_config path="units/pd2_dlc_gage_lmg/weapons/wpn_fps_lmg_rpk_pts/wpn_fps_lmg_rpk_fg_standard"/>
	<material_config path="units/payday2/weapons/wpn_fps_ass_74_pts/wpn_fps_ass_74_ns_standard_cc_thq"/>
	<material_config path="units/payday2/weapons/wpn_fps_ass_aug_pts/wpn_fps_aug_ns_df_cc_thq"/>
	<material_config path="units/payday2/weapons/wpn_fps_ass_aug_pts/wpn_fps_aug_ns_df_cc"/>
	<material_config path="units/payday2/weapons/wpn_fps_ass_aug_pts/wpn_fps_aug_ns_df_thq"/>
	<material_config path="units/payday2/weapons/wpn_fps_upg_ak_reusable/wpn_upg_ak_fg_combo4"/>
	<material_config path="units/payday2/weapons/wpn_fps_ass_g36_pts/wpn_fps_ass_g36_ns_df_cc"/>
	<unit path="units/payday2/weapons/wpn_fps_ass_g36_pts/wpn_fps_ass_g36_ns_df"/>
	<unit path="units/payday2/weapons/wpn_fps_ass_aug_pts/wpn_fps_aug_ns_df"/>
	<unit path="units/pd2_dlc_par/weapons/wpn_fps_lmg_par_pts/wpn_fps_lmg_par_ns_df"/>
	<unit path="units/payday2/weapons/wpn_fps_ass_74_pts/wpn_fps_ass_74_ns_standard"/>
</table>
