<mod name="Nuts and Bolts" color="Color(0.942, 0.243, 0.573)">
	<WeaponMod id="wpn_fps_ass_74_ns_standard" based_on="wpn_fps_ass_komodo_ns" parent="barrel" unit="units/payday2/weapons/wpn_fps_ass_74_pts/wpn_fps_ass_74_ns_standard" hidden="true"/>
	<WeaponMod id="wpn_fps_ass_g36_ns_df" based_on="wpn_fps_ass_komodo_ns" parent="barrel" unit="units/payday2/weapons/wpn_fps_ass_g36_pts/wpn_fps_ass_g36_ns_df" hidden="true"/>
	<WeaponMod id="wpn_fps_aug_ns_df" based_on="wpn_fps_ass_komodo_ns" parent="barrel" unit="units/payday2/weapons/wpn_fps_ass_aug_pts/wpn_fps_aug_ns_df" hidden="true"/>
	<WeaponMod id="wpn_fps_lmg_par_ns_df" based_on="wpn_fps_ass_komodo_ns" parent="barrel" unit="units/pd2_dlc_par/weapons/wpn_fps_lmg_par_pts/wpn_fps_lmg_par_ns_df" hidden="true"/>

	<AddFiles directory="assets" auto_generate="true"/>

	<Hooks>
		<hook source_file="lib/tweak_data/blackmarkettweakdata" file="mod.lua"/>
	</Hooks>
</mod>
